"row_num","store","name","install_count","category","price","price-2","rating","review_count","rating-2","review_count-2"
405,"iPhone","( OFFTIME ) light ‚Äì Track how much you use your phone & Digital Detox and unplug to focus",NULL,"Health & Fitness",2.99,NULL,2.0,"22",NULL,NULL
138,"Android","10 Best Foods for You","500,000+","HEALTH_AND_FITNESS",NULL,"0",NULL,NULL,4.0,2490
152,"Android","10 Best Foods for You","500,000+","HEALTH_AND_FITNESS",NULL,"0",NULL,NULL,4.0,2490
416,"iPhone","12 Minute Athlete HIIT Workouts",NULL,"Health & Fitness",2.99,NULL,4.5,"362",NULL,NULL
423,"iPhone","20/20 Diet For Your Life",NULL,"Health & Fitness",2.99,NULL,4.5,"5",NULL,NULL
82,"Android","21-Day Meditation Experience","100,000+","HEALTH_AND_FITNESS",NULL,"0",NULL,NULL,4.4,11506
179,"Android","21-Day Meditation Experience","100,000+","HEALTH_AND_FITNESS",NULL,"0",NULL,NULL,4.4,11506
474,"iPhone","21 Days Metabolic Diet",NULL,"Health & Fitness",2.99,NULL,0.0,"0",NULL,NULL
372,"iPhone","2Face Fitpack - Dein Trainingsprogramm mit pers√∂nlichem Ern√§hrungsplan, Kalorienrechner und Trainingsplan",NULL,"Health & Fitness",0.00,NULL,0.0,"0",NULL,NULL
220,"Android","30-Day Ab Challenge Tracker","10,000+","HEALTH_AND_FITNESS",NULL,"0",NULL,NULL,3.5,224
202,"Android","30 Day Ab Challenge","500,000+","HEALTH_AND_FITNESS",NULL,"0",NULL,NULL,4.5,1886
215,"Android","30 Day AB Challenge - Lumowell","10,000+","HEALTH_AND_FITNESS",NULL,"0",NULL,NULL,4.8,793
211,"Android","30 Day Ab Challenge FREE","1,000,000+","HEALTH_AND_FITNESS",NULL,"0",NULL,NULL,4.3,48253
12,"Android","30 Day Fitness Challenge - Workout at Home","10,000,000+","HEALTH_AND_FITNESS",NULL,"0",NULL,NULL,4.8,471036
214,"Android","5 Minute Ab Workouts","50,000+","HEALTH_AND_FITNESS",NULL,"0",NULL,NULL,4.6,2067
352,"iPhone","5K Runner: 0 to 5K Run Trainer. Couch potato to 5K",NULL,"Health & Fitness",4.99,NULL,5.0,"10368",NULL,NULL
205,"Android","6 Pack Promise - Ultimate Abs","1,000,000+","HEALTH_AND_FITNESS",NULL,"0",NULL,NULL,4.6,18921
182,"Android","7 Cups: Anxiety & Stress Chat","500,000+","HEALTH_AND_FITNESS",NULL,"0",NULL,NULL,4.2,13799
213,"Android","7 minute abs workout - Daily Ab Workout","100,000+","HEALTH_AND_FITNESS",NULL,"0",NULL,NULL,4.8,527
54,"Android","7 Minute Workout","10,000,000+","HEALTH_AND_FITNESS",NULL,"0",NULL,NULL,4.5,399009
507,"iPhone","7 Minute Workout Challenge",NULL,"Health & Fitness",2.99,NULL,4.5,"4137",NULL,NULL
499,"iPhone","7 Minute Workout Challenge HD for iPad",NULL,"Health & Fitness",2.99,NULL,4.5,"258",NULL,NULL
476,"iPhone","7 Minute Workout Pro",NULL,"Health & Fitness",0.99,NULL,4.5,"303",NULL,NULL
381,"iPhone","8fit - Workouts, meal plans and personal trainer",NULL,"Health & Fitness",0.00,NULL,5.0,"8730",NULL,NULL
41,"Android","8fit Workouts & Meal Planner","10,000,000+","HEALTH_AND_FITNESS",NULL,"0",NULL,NULL,4.6,115721
69,"Android","8fit Workouts & Meal Planner","10,000,000+","HEALTH_AND_FITNESS",NULL,"0",NULL,NULL,4.6,115721
415,"iPhone","Ab & Core Sworkit - Free Workout Trainer",NULL,"Health & Fitness",0.00,NULL,5.0,"2901",NULL,NULL
207,"Android","AB Mobile App","100,000+","HEALTH_AND_FITNESS",NULL,"0",NULL,NULL,3.4,2105
216,"Android","Ab Workouts","1,000,000+","HEALTH_AND_FITNESS",NULL,"0",NULL,NULL,4.1,27501
217,"Android","Ab Workouts - Ab Generator","1,000+","HEALTH_AND_FITNESS",NULL,"0",NULL,NULL,4.7,21
24,"Android","Abs Training-Burn belly fat","100,000+","HEALTH_AND_FITNESS",NULL,"0",NULL,NULL,4.7,2071
218,"Android","Abs workout - 21 Day Fitness Challenge","1,000,000+","HEALTH_AND_FITNESS",NULL,"0",NULL,NULL,4.8,18604
40,"Android","Abs Workout - 30 Days Fitness App for Six Pack Abs","100,000+","HEALTH_AND_FITNESS",NULL,"0",NULL,NULL,4.6,299
212,"Android","ABS Workout - Belly workout, 30 days AB","100,000+","HEALTH_AND_FITNESS",NULL,"0",NULL,NULL,4.8,5103
204,"Android","Abs Workout - Burn Belly Fat with No Equipment","10,000,000+","HEALTH_AND_FITNESS",NULL,"0",NULL,NULL,4.8,69279
210,"Android","Abs workout 7 minutes","1,000,000+","HEALTH_AND_FITNESS",NULL,"0",NULL,NULL,4.6,37224
206,"Android","Abs, Core & Back Workout Challenge","100,000+","HEALTH_AND_FITNESS",NULL,"0",NULL,NULL,4.8,3908
343,"iPhone","Activity++",NULL,"Health & Fitness",2.99,NULL,4.5,"131",NULL,NULL
491,"iPhone","Adrian James 6 Pack Abs Workout",NULL,"Health & Fitness",2.99,NULL,4.5,"114",NULL,NULL
222,"Android","AF Hydro","10,000+","HEALTH_AND_FITNESS",NULL,"0",NULL,NULL,2.0,136
223,"Android","AF Nutrition - Integratori","100+","HEALTH_AND_FITNESS",NULL,"0",NULL,NULL,NULL,6
224,"Android","AH Connect (Adventist Health)","1,000+","HEALTH_AND_FITNESS",NULL,"0",NULL,NULL,3.4,5
382,"iPhone","airweave sleep analysis",NULL,"Health & Fitness",0.00,NULL,0.0,"0",NULL,NULL
345,"iPhone","Alarm Clock Sleep Sounds Pro: Guided Meditation for Relaxation Cycle, Hypnosis and insomnia",NULL,"Health & Fitness",6.99,NULL,4.5,"235",NULL,NULL
432,"iPhone","All-in Fitness: 1200 Exercises, Workouts, Calorie Counter, BMI calculator by Sport.com",NULL,"Health & Fitness",2.99,NULL,4.5,"965",NULL,NULL
287,"Android","All-night drugstore CI & Price","10+","HEALTH_AND_FITNESS",NULL,"$0.99 ",NULL,NULL,NULL,0
113,"Android","AllTrails: Hiking, Running & Mountain Bike Trails","1,000,000+","HEALTH_AND_FITNESS",NULL,"0",NULL,NULL,4.3,16943
500,"iPhone","ameli, l'Assurance Maladie",NULL,"Health & Fitness",0.00,NULL,4.0,"8",NULL,NULL
369,"iPhone","Anitore EX ÔΩûLet's train togetherÔºÅÔΩû",NULL,"Health & Fitness",4.99,NULL,0.0,"0",NULL,NULL
227,"Android","AQ Dentals","10+","HEALTH_AND_FITNESS",NULL,"0",NULL,NULL,NULL,0
420,"iPhone","Asana Rebel - Yoga Inspired Fitness",NULL,"Health & Fitness",0.00,NULL,4.5,"2459",NULL,NULL
27,"Android","Aunjai i lert u","500,000+","HEALTH_AND_FITNESS",NULL,"0",NULL,NULL,4.2,1140
472,"iPhone","AutoSleep. Auto Sleep Tracker for Watch",NULL,"Health & Fitness",2.99,NULL,4.5,"979",NULL,NULL
363,"iPhone","Away ~ Meditation & mindfulness to sleep, relax, focus, breathe",NULL,"Health & Fitness",2.99,NULL,4.5,"184",NULL,NULL
236,"Android","AY Oakmont","10+","HEALTH_AND_FITNESS",NULL,"0",NULL,NULL,NULL,0
238,"Android","BA Accesible","1,000+","HEALTH_AND_FITNESS",NULL,"0",NULL,NULL,NULL,31
387,"iPhone","Baby Cries Translator",NULL,"Health & Fitness",2.99,NULL,1.5,"12",NULL,NULL
266,"Android","Bacteria Vaginosis","1,000,000+","HEALTH_AND_FITNESS",NULL,"0",NULL,NULL,4.0,4015
264,"Android","Bacterial Vaginosis","100+","HEALTH_AND_FITNESS",NULL,"0",NULL,NULL,NULL,1
267,"Android","Bacterial vaginosis Treatment - Sexual disease","500+","HEALTH_AND_FITNESS",NULL,"0",NULL,NULL,5.0,2
265,"Android","Bacterial Vaginosis üá∫üá∏","500+","HEALTH_AND_FITNESS",NULL,"0",NULL,NULL,NULL,1
240,"Android","BD Provider App","5,000+","HEALTH_AND_FITNESS",NULL,"0",NULL,NULL,1.4,45
225,"Android","be'ah","10+","HEALTH_AND_FITNESS",NULL,"0",NULL,NULL,NULL,5
241,"Android","Be Stronger","1,000+","HEALTH_AND_FITNESS",NULL,"$1.99 ",NULL,NULL,4.8,787
269,"Android","Benefit Extras Mobile App","1,000+","HEALTH_AND_FITNESS",NULL,"0",NULL,NULL,2.3,3
98,"Android","Best Ovulation Tracker Fertility Calendar App Glow","1,000,000+","HEALTH_AND_FITNESS",NULL,"0",NULL,NULL,4.6,56145
29,"Android","BetterMe: Weight Loss Workouts","5,000,000+","HEALTH_AND_FITNESS",NULL,"0",NULL,NULL,4.2,14709
242,"Android","BF Scale Health Fitness Tool","1,000+","HEALTH_AND_FITNESS",NULL,"0",NULL,NULL,2.2,19
247,"Android","BH - Fitness & Nutrition","1+","HEALTH_AND_FITNESS",NULL,"0",NULL,NULL,NULL,0
246,"Android","BH by Kinomap","10,000+","HEALTH_AND_FITNESS",NULL,"0",NULL,NULL,2.9,141
30,"Android","Bike Computer - GPS Cycling Tracker","1,000,000+","HEALTH_AND_FITNESS",NULL,"0",NULL,NULL,4.4,12029
171,"Android","Binaural Beats Therapy","1,000,000+","HEALTH_AND_FITNESS",NULL,"0",NULL,NULL,4.3,13724
253,"Android","BL ONLINE PERSONAL TRAINING","5+","HEALTH_AND_FITNESS",NULL,"0",NULL,NULL,NULL,0
245,"Android","Blood Glucose Tracker","100,000+","HEALTH_AND_FITNESS",NULL,"0",NULL,NULL,4.6,9612
263,"Android","Blood pressure","500,000+","HEALTH_AND_FITNESS",NULL,"0",NULL,NULL,3.4,2256
255,"Android","BM Pharmacy","1,000+","HEALTH_AND_FITNESS",NULL,"0",NULL,NULL,4.9,42
256,"Android","BM Physiotherapy Clinic","100+","HEALTH_AND_FITNESS",NULL,"0",NULL,NULL,5.0,3
355,"iPhone","Bodyweight Training: You Are Your Own Gym",NULL,"Health & Fitness",4.99,NULL,5.0,"3326",NULL,NULL
311,"Android","Bodyworks DW","10+","HEALTH_AND_FITNESS",NULL,"0",NULL,NULL,NULL,0
262,"Android","BP Toolbox","1,000+","HEALTH_AND_FITNESS",NULL,"0",NULL,NULL,2.1,32
259,"Android","BP Tracker","1,000+","HEALTH_AND_FITNESS",NULL,"0",NULL,NULL,4.3,12
465,"iPhone","Brain Wave ‚Ñ¢ - 32 Advanced Binaural Brainwave Entrainment Programs with iTunes Music and Relaxing Ambience",NULL,"Health & Fitness",4.99,NULL,4.0,"2913",NULL,NULL
178,"Android","Brain Waves - Binaural Beats","500,000+","HEALTH_AND_FITNESS",NULL,"0",NULL,NULL,4.4,5038
470,"iPhone","Breathing Zone: Guided Breathing for Mindfulness",NULL,"Health & Fitness",3.99,NULL,4.5,"511",NULL,NULL
514,"iPhone","buddhify - modern mindfulness for busy lives",NULL,"Health & Fitness",4.99,NULL,4.5,"501",NULL,NULL
337,"Android","Burn Your Fat With Me! FG","1,000,000+","HEALTH_AND_FITNESS",NULL,"0",NULL,NULL,4.5,38487
414,"iPhone","Burn your fat with me!!",NULL,"Health & Fitness",1.99,NULL,4.5,"302",NULL,NULL
402,"iPhone","Butt Sworkit - Free Workout Trainer to tone & lift",NULL,"Health & Fitness",0.00,NULL,5.0,"960",NULL,NULL
15,"Android","Buttocks and Abdomen","500,000+","HEALTH_AND_FITNESS",NULL,"0",NULL,NULL,4.4,465
274,"Android","C B Patel Health Club","100+","HEALTH_AND_FITNESS",NULL,"0",NULL,NULL,5.0,5
328,"Android","CALIOPE EU: Air Quality","1,000+","HEALTH_AND_FITNESS",NULL,"0",NULL,NULL,3.9,21
85,"Android","Calm - Meditate, Sleep, Relax","5,000,000+","HEALTH_AND_FITNESS",NULL,"0",NULL,NULL,4.6,111450
183,"Android","Calm - Meditate, Sleep, Relax","5,000,000+","HEALTH_AND_FITNESS",NULL,"0",NULL,NULL,4.6,111455
25,"Android","Calorie Counter - EasyFit free","1,000,000+","HEALTH_AND_FITNESS",NULL,"0",NULL,NULL,4.7,50294
158,"Android","Calorie Counter - Macros","100,000+","HEALTH_AND_FITNESS",NULL,"0",NULL,NULL,4.0,3061
141,"Android","Calorie Counter - Macros","100,000+","HEALTH_AND_FITNESS",NULL,"0",NULL,NULL,4.0,3061
131,"Android","Calorie Counter - MyFitnessPal","50,000,000+","HEALTH_AND_FITNESS",NULL,"0",NULL,NULL,4.6,1873520
166,"Android","Calorie Counter - MyFitnessPal","50,000,000+","HEALTH_AND_FITNESS",NULL,"0",NULL,NULL,4.6,1873523
31,"Android","Calorie Counter - MyFitnessPal","50,000,000+","HEALTH_AND_FITNESS",NULL,"0",NULL,NULL,4.6,1873516
149,"Android","Calorie Counter - MyFitnessPal","50,000,000+","HEALTH_AND_FITNESS",NULL,"0",NULL,NULL,4.6,1873520
107,"Android","Calorie Counter - MyFitnessPal","50,000,000+","HEALTH_AND_FITNESS",NULL,"0",NULL,NULL,4.6,1873523
137,"Android","Calorie Counter - MyNetDiary","1,000,000+","HEALTH_AND_FITNESS",NULL,"0",NULL,NULL,4.5,27439
151,"Android","Calorie Counter - MyNetDiary","1,000,000+","HEALTH_AND_FITNESS",NULL,"0",NULL,NULL,4.5,27439
147,"Android","Calorie Counter & Diet Tracker","1,000,000+","HEALTH_AND_FITNESS",NULL,"0",NULL,NULL,4.5,32606
162,"Android","Calorie Counter & Diet Tracker","1,000,000+","HEALTH_AND_FITNESS",NULL,"0",NULL,NULL,4.5,32606
360,"iPhone","Calorie Counter & Diet Tracker by MyFitnessPal",NULL,"Health & Fitness",0.00,NULL,4.5,"507706",NULL,NULL
156,"Android","Calorie Counter by FatSecret","10,000,000+","HEALTH_AND_FITNESS",NULL,"0",NULL,NULL,4.4,229214
142,"Android","Calorie Counter by FatSecret","10,000,000+","HEALTH_AND_FITNESS",NULL,"0",NULL,NULL,4.4,229210
284,"Android","CampGladiator","50,000+","HEALTH_AND_FITNESS",NULL,"0",NULL,NULL,3.5,293
371,"iPhone","Carbs & Cals - Diet & Diabetes",NULL,"Health & Fitness",4.99,NULL,1.5,"21",NULL,NULL
399,"iPhone","Cardiograph",NULL,"Health & Fitness",1.99,NULL,4.5,"98",NULL,NULL
283,"Android","Casa CF","500+","HEALTH_AND_FITNESS",NULL,"0",NULL,NULL,4.7,12
273,"Android","CB Fit","10+","HEALTH_AND_FITNESS",NULL,"0",NULL,NULL,5.0,1
271,"Android","CB Martial Arts","10+","HEALTH_AND_FITNESS",NULL,"0",NULL,NULL,NULL,0
272,"Android","CB NFC Pendant","50+","HEALTH_AND_FITNESS",NULL,"0",NULL,NULL,NULL,0
279,"Android","CF Etowah","100+","HEALTH_AND_FITNESS",NULL,"0",NULL,NULL,NULL,0
282,"Android","CF Riga","100+","HEALTH_AND_FITNESS",NULL,"0",NULL,NULL,NULL,12
275,"Android","CF SPOT","100+","HEALTH_AND_FITNESS",NULL,"0",NULL,NULL,NULL,0
276,"Android","CF Talenti","100+","HEALTH_AND_FITNESS",NULL,"0",NULL,NULL,NULL,4
281,"Android","CF Themis","100+","HEALTH_AND_FITNESS",NULL,"0",NULL,NULL,NULL,0
278,"Android","CF Townsville","100+","HEALTH_AND_FITNESS",NULL,"0",NULL,NULL,5.0,4
285,"Android","CG Fit Scale","1,000+","HEALTH_AND_FITNESS",NULL,"0",NULL,NULL,2.6,13
469,"iPhone","Charity Miles: Walking & Running Distance Tracker",NULL,"Health & Fitness",0.00,NULL,4.0,"3115",NULL,NULL
289,"Android","CJ Fitness","10,000+","HEALTH_AND_FITNESS",NULL,"0",NULL,NULL,2.4,221
294,"Android","CK Active","10+","HEALTH_AND_FITNESS",NULL,"0",NULL,NULL,NULL,0
292,"Android","CK Life","100+","HEALTH_AND_FITNESS",NULL,"0",NULL,NULL,NULL,3
293,"Android","CK Pharmacies","100+","HEALTH_AND_FITNESS",NULL,"0",NULL,NULL,2.7,3
291,"Android","CK SKILLZ","50+","HEALTH_AND_FITNESS",NULL,"0",NULL,NULL,NULL,0
295,"Android","CL-Customer Care","5+","HEALTH_AND_FITNESS",NULL,"0",NULL,NULL,NULL,2
296,"Android","CL Strength","50+","HEALTH_AND_FITNESS",NULL,"0",NULL,NULL,5.0,3
313,"Android","Cloud DX Connected Health","100+","HEALTH_AND_FITNESS",NULL,"0",NULL,NULL,5.0,6
401,"iPhone","Clue Period Tracker: Period & Ovulation Tracker",NULL,"Health & Fitness",0.00,NULL,4.5,"13436",NULL,NULL
45,"Android","Couch to 10K Running Trainer","500,000+","HEALTH_AND_FITNESS",NULL,"0",NULL,NULL,4.6,10445
122,"Android","Couch to 5K by RunDouble","1,000,000+","HEALTH_AND_FITNESS",NULL,"0",NULL,NULL,4.7,15674
384,"iPhone","Couch to 5K¬Æ - Running App and Training Coach",NULL,"Health & Fitness",2.99,NULL,4.5,"3820",NULL,NULL
397,"iPhone","Crane Connect",NULL,"Health & Fitness",0.00,NULL,2.0,"94",NULL,NULL
455,"iPhone","Cronometer",NULL,"Health & Fitness",2.99,NULL,3.0,"210",NULL,NULL
221,"Android","cronometer (ad free)","50,000+","HEALTH_AND_FITNESS",NULL,"$2.99 ",NULL,NULL,3.9,1075
237,"Android","Cures A-Z","100,000+","HEALTH_AND_FITNESS",NULL,"0",NULL,NULL,4.0,265
300,"Android","Cy's Elma Pharmacy","10+","HEALTH_AND_FITNESS",NULL,"0",NULL,NULL,NULL,0
23,"Android","Cycling - Bike Tracker","500,000+","HEALTH_AND_FITNESS",NULL,"0",NULL,NULL,4.5,9116
280,"Android","Cystic Fibrosis Symptoms, Doctors & Treatments","100+","HEALTH_AND_FITNESS",NULL,"0",NULL,NULL,4.7,6
312,"Android","D.W Bien √ätre","10+","HEALTH_AND_FITNESS",NULL,"0",NULL,NULL,NULL,0
208,"Android","Daily Ab Workout","50,000+","HEALTH_AND_FITNESS",NULL,"$1.99 ",NULL,NULL,4.6,2901
209,"Android","Daily Ab Workout - Core & Abs Fitness Exercises","10,000,000+","HEALTH_AND_FITNESS",NULL,"0",NULL,NULL,4.4,44939
61,"Android","Daily Workouts - Exercise Fitness Routine Trainer","10,000,000+","HEALTH_AND_FITNESS",NULL,"0",NULL,NULL,4.4,134195
190,"Android","Daily Yoga - Yoga Fitness Plans","5,000,000+","HEALTH_AND_FITNESS",NULL,"0",NULL,NULL,4.4,70769
71,"Android","Daily Yoga - Yoga Fitness Plans","5,000,000+","HEALTH_AND_FITNESS",NULL,"0",NULL,NULL,4.4,70769
91,"Android","Daily Yoga - Yoga Fitness Plans","5,000,000+","HEALTH_AND_FITNESS",NULL,"0",NULL,NULL,4.4,70769
261,"Android","Deep Breathe BP","1,000+","HEALTH_AND_FITNESS",NULL,"0",NULL,NULL,3.9,26
316,"Android","DEM DZ","100+","HEALTH_AND_FITNESS",NULL,"0",NULL,NULL,NULL,2
302,"Android","DG Fitness","100+","HEALTH_AND_FITNESS",NULL,"0",NULL,NULL,4.8,6
303,"Android","DG Xplained","100+","HEALTH_AND_FITNESS",NULL,"0",NULL,NULL,NULL,1
362,"iPhone","Dot - A Period & Fertility Tracker",NULL,"Health & Fitness",0.00,NULL,4.0,"142",NULL,NULL
81,"Android","Down Dog: Great Yoga Anywhere","500,000+","HEALTH_AND_FITNESS",NULL,"0",NULL,NULL,4.9,28945
306,"Android","Dr. McDougall Mobile Cookbook","1,000+","HEALTH_AND_FITNESS",NULL,"$4.99 ",NULL,NULL,3.8,76
305,"Android","Dr. Muscle","10,000+","HEALTH_AND_FITNESS",NULL,"0",NULL,NULL,4.0,87
391,"iPhone","Dr. Oz",NULL,"Health & Fitness",0.00,NULL,2.0,"99",NULL,NULL
333,"Android","Dream EZ","10,000+","HEALTH_AND_FITNESS",NULL,"0",NULL,NULL,4.1,107
307,"Android","DS Companion","50+","HEALTH_AND_FITNESS",NULL,"0",NULL,NULL,NULL,0
310,"Android","DT NO.I","1,000+","HEALTH_AND_FITNESS",NULL,"0",NULL,NULL,2.4,44
309,"Android","Dt. Jyothi Srinivas","100+","HEALTH_AND_FITNESS",NULL,"0",NULL,NULL,5.0,18
314,"Android","DY Fitness","10+","HEALTH_AND_FITNESS",NULL,"0",NULL,NULL,NULL,0
157,"Android","Eat Fit - Diet and Health Free","100,000+","HEALTH_AND_FITNESS",NULL,"0",NULL,NULL,4.1,2469
308,"Android","Eat Right Diet (by Dt Shreya's Family Diet Clinic)","10+","HEALTH_AND_FITNESS",NULL,"0",NULL,NULL,NULL,0
317,"Android","Eb & flow Yoga Studio","10+","HEALTH_AND_FITNESS",NULL,"0",NULL,NULL,NULL,0
319,"Android","EF Academy","50+","HEALTH_AND_FITNESS",NULL,"0",NULL,NULL,5.0,4
318,"Android","EF Coach","500+","HEALTH_AND_FITNESS",NULL,"0",NULL,NULL,4.8,17
132,"Android","Endomondo - Running & Walking","10,000,000+","HEALTH_AND_FITNESS",NULL,"0",NULL,NULL,4.5,559262
34,"Android","Endomondo - Running & Walking","10,000,000+","HEALTH_AND_FITNESS",NULL,"0",NULL,NULL,4.5,559186
323,"Android","EO App. SelfCompassion to you","100+","HEALTH_AND_FITNESS",NULL,"0",NULL,NULL,NULL,1
324,"Android","EO Guide","1,000+","HEALTH_AND_FITNESS",NULL,"$4.99 ",NULL,NULL,NULL,15
99,"Android","Eve Period Tracker - Love, Sex & Relationships App","1,000,000+","HEALTH_AND_FITNESS",NULL,"0",NULL,NULL,4.6,20326
298,"Android","Evolution Marketing CR","1,000+","HEALTH_AND_FITNESS",NULL,"0",NULL,NULL,NULL,14
330,"Android","EW MOTION THERAPY","10+","HEALTH_AND_FITNESS",NULL,"0",NULL,NULL,NULL,0
192,"Android","f.lux (preview, root-only)","500,000+","HEALTH_AND_FITNESS",NULL,"0",NULL,NULL,3.7,5559
181,"Android","Fabulous: Motivate Me! Meditate, Relax, Sleep","5,000,000+","HEALTH_AND_FITNESS",NULL,"0",NULL,NULL,4.6,205299
51,"Android","Fabulous: Motivate Me! Meditate, Relax, Sleep","5,000,000+","HEALTH_AND_FITNESS",NULL,"0",NULL,NULL,4.6,205299
341,"Android","Fast Tract Diet","1,000+","HEALTH_AND_FITNESS",NULL,"$7.99 ",NULL,NULL,4.4,35
14,"Android","Fat Burning Workout - Home Weight lose","100,000+","HEALTH_AND_FITNESS",NULL,"0",NULL,NULL,4.5,706
334,"Android","FD Fitness","50+","HEALTH_AND_FITNESS",NULL,"0",NULL,NULL,NULL,3
100,"Android","Fertility Friend Ovulation App","1,000,000+","HEALTH_AND_FITNESS",NULL,"0",NULL,NULL,4.5,12955
338,"Android","FH Calculator","500+","HEALTH_AND_FITNESS",NULL,"0",NULL,NULL,NULL,9
427,"iPhone","Find my Fitbit - Finder app for lost fitbits",NULL,"Health & Fitness",5.99,NULL,4.0,"2007",NULL,NULL
376,"iPhone","Fit Girls Guide",NULL,"Health & Fitness",0.00,NULL,4.0,"397",NULL,NULL
374,"iPhone","Fit ÁßÅ‰∫∫ÂÅ•Ë∫´ÊïôÁªÉ-Ë∂ÖÊúâÊïàÁöÑÂÅ•Â∫∑ËøêÂä®ÂáèËÇ•ËΩØ‰ª∂",NULL,"Health & Fitness",0.00,NULL,0.0,"0",NULL,NULL
20,"1Both","Fitbit","10,000,000+","Health & Fitness",0.00,"0",4.0,"90496",3.9,357417
58,"Android","Fitbit Coach","1,000,000+","HEALTH_AND_FITNESS",NULL,"0",NULL,NULL,4.6,28951
130,"Android","Fitbit Coach","1,000,000+","HEALTH_AND_FITNESS",NULL,"0",NULL,NULL,4.6,28951
497,"iPhone","Fitbod Workout Log: Strength Lifting Bodybuilding",NULL,"Health & Fitness",0.00,NULL,5.0,"4668",NULL,NULL
248,"Android","FitConsole","50,000+","HEALTH_AND_FITNESS",NULL,"0",NULL,NULL,2.6,219
464,"iPhone","Fitness - Gym and Home Workout,my Exercise Journal",NULL,"Health & Fitness",2.99,NULL,5.0,"78",NULL,NULL
327,"Android","Fitness & Bodybuilding","5,000,000+","HEALTH_AND_FITNESS",NULL,"0",NULL,NULL,4.6,95201
494,"iPhone","Fitness and Bodybuilding by VGFIT",NULL,"Health & Fitness",0.99,NULL,4.5,"364",NULL,NULL
398,"iPhone","Fitness Buddy+ Gym Workout Exercise, Home Trainer",NULL,"Health & Fitness",2.99,NULL,4.5,"10386",NULL,NULL
239,"Android","Fitness Dance for Zum.ba Workout Exercise","50,000+","HEALTH_AND_FITNESS",NULL,"0",NULL,NULL,4.2,287
403,"iPhone","Fitness Point Pro",NULL,"Health & Fitness",4.99,NULL,4.5,"1685",NULL,NULL
422,"iPhone","Fitness Sync for Fitbit to Apple Health",NULL,"Health & Fitness",2.99,NULL,5.0,"6",NULL,NULL
428,"iPhone","Fitstar Personal Trainer",NULL,"Health & Fitness",0.00,NULL,4.5,"7496",NULL,NULL
456,"iPhone","FizzUp ‚Äì Online Fitness Trainer",NULL,"Health & Fitness",0.00,NULL,5.0,"5",NULL,NULL
340,"Android","Florida Blue","100,000+","HEALTH_AND_FITNESS",NULL,"0",NULL,NULL,3.2,499
409,"iPhone","Flowing ~ Meditation & Mindfulness",NULL,"Health & Fitness",1.99,NULL,4.5,"795",NULL,NULL
452,"iPhone","Food Additives Checker (E Numbers)",NULL,"Health & Fitness",1.99,NULL,3.5,"6",NULL,NULL
165,"Android","Food Calorie Calculator","100,000+","HEALTH_AND_FITNESS",NULL,"0",NULL,NULL,4.2,1324
148,"Android","Food Calorie Calculator","100,000+","HEALTH_AND_FITNESS",NULL,"0",NULL,NULL,4.2,1324
404,"iPhone","Fooducate - Lose Weight, Eat Healthy,Get Motivated",NULL,"Health & Fitness",0.00,NULL,4.5,"11875",NULL,NULL
123,"Android","Fooducate Healthy Weight Loss & Calorie Counter","1,000,000+","HEALTH_AND_FITNESS",NULL,"0",NULL,NULL,4.4,14402
74,"Android","Free Meditation - Take a Break","100,000+","HEALTH_AND_FITNESS",NULL,"0",NULL,NULL,4.2,1608
490,"iPhone","Freeletics Bodyweight - Workouts and Training",NULL,"Health & Fitness",0.00,NULL,4.5,"1722",NULL,NULL
56,"Android","Freeletics: Personal Trainer & Fitness Workouts","10,000,000+","HEALTH_AND_FITNESS",NULL,"0",NULL,NULL,4.5,130104
406,"iPhone","Full Fitness : Exercise Workout Trainer",NULL,"Health & Fitness",2.99,NULL,4.5,"7573",NULL,NULL
28,"Android","Garmin Connect‚Ñ¢","10,000,000+","HEALTH_AND_FITNESS",NULL,"0",NULL,NULL,3.9,232153
383,"iPhone","Garmin Connect‚Ñ¢ Mobile",NULL,"Health & Fitness",0.00,NULL,3.0,"8341",NULL,NULL
109,"1Both","Geocaching¬Æ","5,000,000+","Navigation",0.00,"0",3.5,"12811",4.1,62616
473,"iPhone","Good Morning Alarm Clock - Sleep Cycle Tracker",NULL,"Health & Fitness",3.99,NULL,4.5,"1014",NULL,NULL
62,"Android","Google Fit - Fitness Tracking","10,000,000+","HEALTH_AND_FITNESS",NULL,"0",NULL,NULL,3.9,249855
459,"iPhone","Gym Log+ ‚Äî Workout and Fitness Tracker",NULL,"Health & Fitness",4.99,NULL,4.0,"50",NULL,NULL
379,"iPhone","GYMONDO ‚Äì Fitness Training f√ºr Zuhause",NULL,"Health & Fitness",0.00,NULL,0.0,"0",NULL,NULL
195,"Android","H-Connect","5,000+","HEALTH_AND_FITNESS",NULL,"0",NULL,NULL,4.0,50
196,"Android","H Band","10,000+","HEALTH_AND_FITNESS",NULL,"0",NULL,NULL,4.0,214
194,"Android","H Band 2.0","500,000+","HEALTH_AND_FITNESS",NULL,"0",NULL,NULL,2.9,4031
485,"iPhone","HabitSeed",NULL,"Health & Fitness",0.99,NULL,4.5,"53",NULL,NULL
170,"Android","Happify","100,000+","HEALTH_AND_FITNESS",NULL,"0",NULL,NULL,3.7,1812
486,"iPhone","Headspace",NULL,"Health & Fitness",0.00,NULL,5.0,"12819",NULL,NULL
89,"Android","Headspace: Meditation & Mindfulness","10,000,000+","HEALTH_AND_FITNESS",NULL,"0",NULL,NULL,4.6,77563
189,"Android","Headspace: Meditation & Mindfulness","10,000,000+","HEALTH_AND_FITNESS",NULL,"0",NULL,NULL,4.6,77563
164,"Android","Health and Nutrition Guide","500,000+","HEALTH_AND_FITNESS",NULL,"0",NULL,NULL,4.3,7895
146,"Android","Health and Nutrition Guide","500,000+","HEALTH_AND_FITNESS",NULL,"0",NULL,NULL,4.3,7895
388,"iPhone","HealthFace",NULL,"Health & Fitness",1.99,NULL,3.5,"28",NULL,NULL
441,"iPhone","HeartWatch. Heart & Activity Monitor for Watch",NULL,"Health & Fitness",2.99,NULL,4.5,"791",NULL,NULL
268,"Android","Home Remedies for Bacterial Infections","50+","HEALTH_AND_FITNESS",NULL,"0",NULL,NULL,NULL,0
329,"Android","Home Workout - No Equipment","10,000,000+","HEALTH_AND_FITNESS",NULL,"0",NULL,NULL,4.8,432160
1,"Android","Home Workout - No Equipment","10,000,000+","HEALTH_AND_FITNESS",NULL,"0",NULL,NULL,4.8,428156
13,"Android","Home Workout for Men - Bodybuilding","1,000,000+","HEALTH_AND_FITNESS",NULL,"0",NULL,NULL,4.8,12705
47,"Android","Home workouts - fat burning, abs, legs, arms,chest","1,000,000+","HEALTH_AND_FITNESS",NULL,"0",NULL,NULL,4.3,4848
193,"Android","HPlus","100,000+","HEALTH_AND_FITNESS",NULL,"0",NULL,NULL,2.9,1786
252,"Android","Hungry Girl Diet Bk. Companion","1,000+","HEALTH_AND_FITNESS",NULL,"0",NULL,NULL,2.2,4
299,"Android","I AM C.T.","1,000+","HEALTH_AND_FITNESS",NULL,"0",NULL,NULL,4.6,28
95,"Android","I‚Äôm Expecting - Pregnancy App","1,000,000+","HEALTH_AND_FITNESS",NULL,"0",NULL,NULL,4.6,71269
199,"Android","I‚Äôm Expecting - Pregnancy App","1,000,000+","HEALTH_AND_FITNESS",NULL,"0",NULL,NULL,4.6,71266
326,"Android","Ideal Weight, BMI Calculator","5,000,000+","HEALTH_AND_FITNESS",NULL,"0",NULL,NULL,4.2,112384
467,"iPhone","iMacro - Diet, Weight and Food Score Tracker",NULL,"Health & Fitness",4.99,NULL,4.0,"360",NULL,NULL
176,"Android","Insight Timer - Free Meditation App","1,000,000+","HEALTH_AND_FITNESS",NULL,"0",NULL,NULL,4.6,20161
370,"iPhone","Instant Fitness : 600+ exercises, 100+ workouts, home, exercise workout trainer, 7 minute workout, on-the-go personal mobile fitness trainer by Fitness Buddy and Instant Heart Rate",NULL,"Health & Fitness",9.99,NULL,4.5,"571",NULL,NULL
421,"iPhone","Instant Heart Rate+: Heart Rate & Pulse Monitor",NULL,"Health & Fitness",4.99,NULL,4.5,"10158",NULL,NULL
471,"iPhone","Intuition Guidances",NULL,"Health & Fitness",0.00,NULL,0.0,"0",NULL,NULL
378,"iPhone","iSleep Easy - Meditations for Restful Sleep",NULL,"Health & Fitness",3.99,NULL,4.5,"664",NULL,NULL
392,"iPhone","iTrackBites Plus - Smart Weight Loss Tracker & Points Calculator for Diet Nutrition Watchers",NULL,"Health & Fitness",3.99,NULL,4.5,"4716",NULL,NULL
197,"Android","J - Style Pro","10,000+","HEALTH_AND_FITNESS",NULL,"0",NULL,NULL,2.3,74
489,"iPhone","J&J Official 7 Minute Workout",NULL,"Health & Fitness",0.00,NULL,5.0,"4861",NULL,NULL
59,"Android","JEFIT Workout Tracker, Weight Lifting, Gym Log App","5,000,000+","HEALTH_AND_FITNESS",NULL,"0",NULL,NULL,4.5,60096
198,"Android","K Health","50,000+","HEALTH_AND_FITNESS",NULL,"0",NULL,NULL,4.1,290
450,"iPhone","Keep - ÁßªÂä®ÂÅ•Ë∫´ÊïôÁªÉ Ëá™Áî±ËøêÂä®Âú∫",NULL,"Health & Fitness",0.00,NULL,4.5,"550",NULL,NULL
42,"Android","Keep Trainer - Workout Trainer & Fitness Coach","1,000,000+","HEALTH_AND_FITNESS",NULL,"0",NULL,NULL,4.7,14810
270,"Android","Kick Axe Bx","1+","HEALTH_AND_FITNESS",NULL,"0",NULL,NULL,NULL,0
335,"Android","L!FE Premium Training","100+","HEALTH_AND_FITNESS",NULL,"0",NULL,NULL,NULL,2
219,"Android","Ladies' Ab Workout FREE","1,000,000+","HEALTH_AND_FITNESS",NULL,"0",NULL,NULL,4.0,12906
144,"Android","Lark - 24/7 Health Coach","100,000+","HEALTH_AND_FITNESS",NULL,"0",NULL,NULL,4.1,3405
160,"Android","Lark - 24/7 Health Coach","100,000+","HEALTH_AND_FITNESS",NULL,"0",NULL,NULL,4.1,3405
8,"Android","LG Health","10,000,000+","HEALTH_AND_FITNESS",NULL,"0",NULL,NULL,3.3,20098
426,"iPhone","Life Cycle - Track Your Time Automatically",NULL,"Health & Fitness",0.00,NULL,4.5,"1760",NULL,NULL
495,"iPhone","Lifesum ‚Äì Inspiring healthy lifestyle app",NULL,"Health & Fitness",0.00,NULL,3.5,"5795",NULL,NULL
21,"Android","Lose Belly Fat-Home Abs Fitness Workout","50,000+","HEALTH_AND_FITNESS",NULL,"0",NULL,NULL,4.6,199
3,"Android","Lose Belly Fat in 30 Days - Flat Stomach","5,000,000+","HEALTH_AND_FITNESS",NULL,"0",NULL,NULL,4.9,38098
135,"Android","Lose It! - Calorie Counter","10,000,000+","HEALTH_AND_FITNESS",NULL,"0",NULL,NULL,4.4,69395
167,"Android","Lose It! - Calorie Counter","10,000,000+","HEALTH_AND_FITNESS",NULL,"0",NULL,NULL,4.4,69395
150,"Android","Lose It! - Calorie Counter","10,000,000+","HEALTH_AND_FITNESS",NULL,"0",NULL,NULL,4.4,69395
408,"iPhone","Lose It! ‚Äì Weight Loss Program and Calorie Counter",NULL,"Health & Fitness",0.00,NULL,4.0,"373835",NULL,NULL
6,"Android","Lose Weight in 30 Days","10,000,000+","HEALTH_AND_FITNESS",NULL,"0",NULL,NULL,4.8,220125
436,"iPhone","Low Carb Diet Tracker PRO by Carb Manager",NULL,"Health & Fitness",2.99,NULL,4.5,"2950",NULL,NULL
230,"Android","Lullaby Add-on for Sleep as Android","50,000+","HEALTH_AND_FITNESS",NULL,"$1.99 ",NULL,NULL,3.9,2057
66,"Android","Map My Fitness Workout Trainer","1,000,000+","HEALTH_AND_FITNESS",NULL,"0",NULL,NULL,4.4,38343
110,"Android","Map My Hike GPS Hiking","500,000+","HEALTH_AND_FITNESS",NULL,"0",NULL,NULL,4.4,12858
60,"Android","Map My Ride GPS Cycling Riding","1,000,000+","HEALTH_AND_FITNESS",NULL,"0",NULL,NULL,4.5,106547
386,"iPhone","Map My Ride+ - GPS Cycling & Route Tracker",NULL,"Health & Fitness",2.99,NULL,4.5,"10046",NULL,NULL
342,"iPhone","Map My Run+ - GPS Running & Workout Tracker",NULL,"Health & Fitness",2.99,NULL,4.5,"16434",NULL,NULL
163,"Android","MealLogger-Photo Food Journal","50,000+","HEALTH_AND_FITNESS",NULL,"0",NULL,NULL,3.5,217
145,"Android","MealLogger-Photo Food Journal","50,000+","HEALTH_AND_FITNESS",NULL,"0",NULL,NULL,3.5,217
234,"Android","MediBeat for AW - Android (1)","500+","HEALTH_AND_FITNESS",NULL,"0",NULL,NULL,NULL,2
75,"Android","Meditate OM","1,000,000+","HEALTH_AND_FITNESS",NULL,"0",NULL,NULL,4.5,19074
175,"Android","Meditation Music - Relax, Yoga","1,000,000+","HEALTH_AND_FITNESS",NULL,"0",NULL,NULL,4.6,48226
79,"Android","Meditation Music - Relax, Yoga","1,000,000+","HEALTH_AND_FITNESS",NULL,"0",NULL,NULL,4.6,48226
80,"Android","Meditation Studio","10,000+","HEALTH_AND_FITNESS",NULL,"$3.99 ",NULL,NULL,4.6,1026
511,"iPhone","Meditation Studio ‚Äì Guided Meditations and Courses",NULL,"Health & Fitness",3.99,NULL,5.0,"2491",NULL,NULL
516,"iPhone","M√©ditations avec Christophe Andr√©",NULL,"Health & Fitness",4.99,NULL,0.0,"0",NULL,NULL
365,"iPhone","mememo(„Éü„Éº„É°„É¢)„ÉÄ„Ç§„Ç®„ÉÉ„Éà„ÄúÁîüÁêÜÊó•‰∫àÊ∏¨„Åæ„ÅßÂ•≥ÊÄß„Çµ„Éù„Éº„Éà",NULL,"Health & Fitness",0.00,NULL,4.0,"7",NULL,NULL
260,"Android","MI-BP","50+","HEALTH_AND_FITNESS",NULL,"0",NULL,NULL,5.0,1
477,"iPhone","Mindfulness Daily",NULL,"Health & Fitness",1.99,NULL,5.0,"1245",NULL,NULL
506,"iPhone","Model My Diet - Women - Weight Loss Motivation",NULL,"Health & Fitness",0.00,NULL,4.0,"236",NULL,NULL
466,"iPhone","Modern Essentials",NULL,"Health & Fitness",6.99,NULL,3.5,"112",NULL,NULL
258,"Android","Monitor My BP","50+","HEALTH_AND_FITNESS",NULL,"$5.99 ",NULL,NULL,NULL,0
153,"Android","Monitor Your Weight","5,000,000+","HEALTH_AND_FITNESS",NULL,"0",NULL,NULL,4.5,126017
367,"iPhone","Moodnotes - Thought Journal / Mood Diary",NULL,"Health & Fitness",3.99,NULL,5.0,"625",NULL,NULL
359,"iPhone","Morning Routine : Daily Habit Tracker",NULL,"Health & Fitness",0.00,NULL,3.0,"40",NULL,NULL
442,"iPhone","MotiConnect Pro",NULL,"Health & Fitness",1.99,NULL,0.0,"0",NULL,NULL
257,"Android","My BP Lab","10,000+","HEALTH_AND_FITNESS",NULL,"0",NULL,NULL,2.6,186
77,"Android","My Chakra Meditation","500,000+","HEALTH_AND_FITNESS",NULL,"0",NULL,NULL,4.4,7586
83,"Android","My Chakra Meditation 2","100,000+","HEALTH_AND_FITNESS",NULL,"0",NULL,NULL,4.3,1288
344,"iPhone","My Challenge Tracker",NULL,"Health & Fitness",0.00,NULL,5.0,"3682",NULL,NULL
94,"Android","My Cycles Period and Ovulation","1,000,000+","HEALTH_AND_FITNESS",NULL,"0",NULL,NULL,4.3,26652
425,"iPhone","My Cycles Period and Ovulation Tracker",NULL,"Health & Fitness",0.00,NULL,3.5,"7469",NULL,NULL
97,"Android","My Days - Ovulation Calendar & Period Tracker ‚Ñ¢","5,000,000+","HEALTH_AND_FITNESS",NULL,"0",NULL,NULL,4.5,93691
127,"Android","My Diet Coach - Weight Loss Motivation & Tracker","10,000,000+","HEALTH_AND_FITNESS",NULL,"0",NULL,NULL,4.4,141163
159,"Android","My Diet Diary Calorie Counter","1,000,000+","HEALTH_AND_FITNESS",NULL,"0",NULL,NULL,4.1,18539
140,"Android","My Diet Diary Calorie Counter","1,000,000+","HEALTH_AND_FITNESS",NULL,"0",NULL,NULL,4.1,18539
389,"iPhone","My Macros+ Diet, Weight and Calorie Tracker",NULL,"Health & Fitness",2.99,NULL,4.5,"2334",NULL,NULL
475,"iPhone","My Score Plus Weight Loss, Food & Exercise Tracker",NULL,"Health & Fitness",0.00,NULL,4.0,"467",NULL,NULL
498,"iPhone","My Water Balance: Daily Drink Tracker & Reminder",NULL,"Health & Fitness",0.00,NULL,4.5,"1601",NULL,NULL
488,"iPhone","myFitnessSync for Fitbit - Fitbit to Apple Health",NULL,"Health & Fitness",4.99,NULL,4.5,"264",NULL,NULL
412,"iPhone","MyFLO Period Tracker by FLO Living LLC",NULL,"Health & Fitness",1.99,NULL,4.0,"145",NULL,NULL
458,"iPhone","MyNetDiary PRO - Calorie Counter and Food Diary",NULL,"Health & Fitness",3.99,NULL,4.5,"15188",NULL,NULL
139,"Android","MyPlate Calorie Tracker","1,000,000+","HEALTH_AND_FITNESS",NULL,"0",NULL,NULL,4.6,24094
154,"Android","MyPlate Calorie Tracker","1,000,000+","HEALTH_AND_FITNESS",NULL,"0",NULL,NULL,4.6,24094
411,"iPhone","Nackt gut aussehen",NULL,"Health & Fitness",4.99,NULL,0.0,"0",NULL,NULL
129,"Android","Nike Training Club - Workouts & Fitness Plans","10,000,000+","HEALTH_AND_FITNESS",NULL,"0",NULL,NULL,4.6,251534
57,"Android","Nike Training Club - Workouts & Fitness Plans","10,000,000+","HEALTH_AND_FITNESS",NULL,"0",NULL,NULL,4.6,251534
325,"Android","Nike Training Club - Workouts & Fitness Plans","10,000,000+","HEALTH_AND_FITNESS",NULL,"0",NULL,NULL,4.6,251618
26,"Android","Nike+ Run Club","10,000,000+","HEALTH_AND_FITNESS",NULL,"0",NULL,NULL,4.4,708674
118,"Android","Nike+ Run Club","10,000,000+","HEALTH_AND_FITNESS",NULL,"0",NULL,NULL,4.4,708710
134,"Android","Nike+ Run Club","10,000,000+","HEALTH_AND_FITNESS",NULL,"0",NULL,NULL,4.4,708753
64,"Android","Nike+ Run Club","10,000,000+","HEALTH_AND_FITNESS",NULL,"0",NULL,NULL,4.4,708710
468,"iPhone","Nike+ Training Club - Workouts & Fitness Plans",NULL,"Health & Fitness",0.00,NULL,3.5,"33969",NULL,NULL
451,"iPhone","Ohajiki Web Browser",NULL,"Health & Fitness",2.99,NULL,4.5,"9",NULL,NULL
377,"iPhone","Oje, ich wachse!",NULL,"Health & Fitness",1.99,NULL,0.0,"0",NULL,NULL
191,"Android","Oral-B App","1,000,000+","HEALTH_AND_FITNESS",NULL,"0",NULL,NULL,3.3,14210
104,"Android","OvuView: Ovulation and Fertility","1,000,000+","HEALTH_AND_FITNESS",NULL,"0",NULL,NULL,4.5,40296
172,"Android","Pacifica - Stress & Anxiety","500,000+","HEALTH_AND_FITNESS",NULL,"0",NULL,NULL,4.5,10253
434,"iPhone","PAUSE - Relaxation at your fingertip",NULL,"Health & Fitness",1.99,NULL,3.5,"180",NULL,NULL
407,"iPhone","Pea ‚Äì The Premature Ejaculation App",NULL,"Health & Fitness",3.99,NULL,1.5,"9",NULL,NULL
7,"Android","Pedometer","10,000,000+","HEALTH_AND_FITNESS",NULL,"0",NULL,NULL,4.4,400592
4,"Android","Pedometer - Step Counter Free & Calorie Burner","1,000,000+","HEALTH_AND_FITNESS",NULL,"0",NULL,NULL,4.8,31139
10,"Android","Pedometer, Step Counter & Weight Loss Tracker App","10,000,000+","HEALTH_AND_FITNESS",NULL,"0",NULL,NULL,4.6,548021
102,"Android","Period Tracker","10,000,000+","HEALTH_AND_FITNESS",NULL,"0",NULL,NULL,4.5,325738
105,"Android","Period Tracker - Period Calendar Ovulation Tracker","100,000,000+","HEALTH_AND_FITNESS",NULL,"0",NULL,NULL,4.8,4559407
106,"Android","Period Tracker Clue: Period and Ovulation Tracker","10,000,000+","HEALTH_AND_FITNESS",NULL,"0",NULL,NULL,4.8,570242
354,"iPhone","Period Tracker Deluxe",NULL,"Health & Fitness",1.99,NULL,4.5,"13350",NULL,NULL
454,"iPhone","Period Tracker Lite",NULL,"Health & Fitness",0.00,NULL,4.0,"53620",NULL,NULL
321,"Android","Period Tracker, Pregnancy Calculator & Calendar üå∏","10,000+","HEALTH_AND_FITNESS",NULL,"0",NULL,NULL,NULL,0
288,"Android","Pharmacie de Garde CI et Prix","100,000+","HEALTH_AND_FITNESS",NULL,"0",NULL,NULL,4.4,2599
286,"Android","Pharmacy CI - Pharmacies de garde C√¥te d'Ivoire","100,000+","HEALTH_AND_FITNESS",NULL,"0",NULL,NULL,4.5,5509
315,"Android","PHARMAGUIDE (DZ)","5,000+","HEALTH_AND_FITNESS",NULL,"0",NULL,NULL,4.1,131
390,"iPhone","Plant Nanny - Water Reminder with Cute Plants",NULL,"Health & Fitness",0.00,NULL,4.5,"27421",NULL,NULL
92,"1Both","Pocket Yoga","100,000+","Health & Fitness",2.99,"$2.99 ",4.5,"4475",4.4,2107
72,"1Both","Pocket Yoga","100,000+","Health & Fitness",2.99,"$2.99 ",4.5,"4475",4.4,2107
254,"Android","Poop Tracker - Toilet Log","10,000+","HEALTH_AND_FITNESS",NULL,"0",NULL,NULL,4.4,622
431,"iPhone","Positivity with Andrew Johnson",NULL,"Health & Fitness",2.99,NULL,4.0,"282",NULL,NULL
180,"Android","Prana Breath: Calm & Meditate","1,000,000+","HEALTH_AND_FITNESS",NULL,"0",NULL,NULL,4.8,31665
93,"Android","Pregnancy & Baby Tracker","1,000,000+","HEALTH_AND_FITNESS",NULL,"0",NULL,NULL,4.6,48286
101,"Android","Pregnancy Tracker","500,000+","HEALTH_AND_FITNESS",NULL,"0",NULL,NULL,4.1,2681
356,"iPhone","ProTracker Plus Weight, Calorie & Exercise Tracker",NULL,"Health & Fitness",2.99,NULL,4.5,"2319",NULL,NULL
46,"Android","PumpUp ‚Äî Fitness Community","1,000,000+","HEALTH_AND_FITNESS",NULL,"0",NULL,NULL,4.0,49479
235,"Android","Q7 SmartWatch","10,000+","HEALTH_AND_FITNESS",NULL,"0",NULL,NULL,3.0,94
353,"iPhone","Quick Fit - 7 Minute Workout, Abs, and Yoga",NULL,"Health & Fitness",0.00,NULL,4.5,"407",NULL,NULL
453,"iPhone","Quit Pro",NULL,"Health & Fitness",0.99,NULL,4.5,"287",NULL,NULL
492,"iPhone","Rainy Mood - Rain Sounds for Sleep & Study",NULL,"Health & Fitness",2.99,NULL,4.5,"333",NULL,NULL
39,"Android","Recipes for hair and face tried","500,000+","HEALTH_AND_FITNESS",NULL,"0",NULL,NULL,4.5,1203
430,"iPhone","Record by Under Armour, connects with UA HealthBox",NULL,"Health & Fitness",0.00,NULL,4.5,"7754",NULL,NULL
433,"iPhone","Ref Guide for Essential Oils",NULL,"Health & Fitness",6.99,NULL,4.0,"151",NULL,NULL
169,"Android","Relax Meditation: Sleep with Sleep Sounds","1,000,000+","HEALTH_AND_FITNESS",NULL,"0",NULL,NULL,4.4,26540
73,"Android","Relax Meditation: Sleep with Sleep Sounds","1,000,000+","HEALTH_AND_FITNESS",NULL,"0",NULL,NULL,4.4,26540
86,"Android","Relax Melodies P: Sleep Sounds","100,000+","HEALTH_AND_FITNESS",NULL,"$2.99 ",NULL,NULL,4.8,19543
87,"Android","Relax Melodies: Sleep Sounds","5,000,000+","HEALTH_AND_FITNESS",NULL,"0",NULL,NULL,4.5,233243
186,"Android","Relax Melodies: Sleep Sounds","5,000,000+","HEALTH_AND_FITNESS",NULL,"0",NULL,NULL,4.5,233243
78,"Android","Relax with Andrew Johnson Lite","100,000+","HEALTH_AND_FITNESS",NULL,"0",NULL,NULL,4.3,2885
173,"Android","Relaxing Sounds","100,000+","HEALTH_AND_FITNESS",NULL,"0",NULL,NULL,4.6,4642
339,"Android","Restaurant Inspections - FL","10,000+","HEALTH_AND_FITNESS",NULL,"0",NULL,NULL,3.5,143
244,"Android","Revita.bg","10+","HEALTH_AND_FITNESS",NULL,"0",NULL,NULL,4.8,10
249,"Android","Run on Earth","50,000+","HEALTH_AND_FITNESS",NULL,"0",NULL,NULL,2.4,577
53,"Android","Run with Map My Run","5,000,000+","HEALTH_AND_FITNESS",NULL,"0",NULL,NULL,4.5,183669
128,"Android","Run with Map My Run","5,000,000+","HEALTH_AND_FITNESS",NULL,"0",NULL,NULL,4.5,183669
43,"Android","Run with Map My Run","5,000,000+","HEALTH_AND_FITNESS",NULL,"0",NULL,NULL,4.5,183662
133,"Android","Runkeeper - GPS Track Run Walk","10,000,000+","HEALTH_AND_FITNESS",NULL,"0",NULL,NULL,4.5,501144
37,"Android","Runkeeper - GPS Track Run Walk","10,000,000+","HEALTH_AND_FITNESS",NULL,"0",NULL,NULL,4.5,501144
17,"Android","Running & Jogging","500,000+","HEALTH_AND_FITNESS",NULL,"0",NULL,NULL,4.5,6238
35,"Android","Running Distance Tracker +","1,000,000+","HEALTH_AND_FITNESS",NULL,"0",NULL,NULL,4.7,77777
385,"iPhone","RUNNING for weight loss PRO: workout & meal plans",NULL,"Health & Fitness",1.99,NULL,4.0,"304",NULL,NULL
368,"iPhone","RUNNING for weight loss: workout & meal plans",NULL,"Health & Fitness",0.00,NULL,4.5,"6407",NULL,NULL
48,"Android","Running Weight Loss Walking Jogging Hiking FITAPP","1,000,000+","HEALTH_AND_FITNESS",NULL,"0",NULL,NULL,4.4,20812
444,"iPhone","Runtastic Butt Workout & Booty Trainer Plans",NULL,"Health & Fitness",0.00,NULL,4.5,"222",NULL,NULL
112,"Android","Runtastic Mountain Bike GPS Tracker","1,000,000+","HEALTH_AND_FITNESS",NULL,"0",NULL,NULL,4.5,50679
481,"iPhone","Runtastic Mountain Bike Ride & Route Tracker PRO",NULL,"Health & Fitness",4.99,NULL,4.5,"1520",NULL,NULL
435,"iPhone","Runtastic PRO Running, Jogging and Fitness Tracker",NULL,"Health & Fitness",4.99,NULL,4.5,"17667",NULL,NULL
438,"iPhone","Runtastic Push Ups PRO: Workouts, Trainer, Counter",NULL,"Health & Fitness",1.99,NULL,5.0,"3434",NULL,NULL
417,"iPhone","Runtastic Results: Workout & Bodyweight Training",NULL,"Health & Fitness",0.00,NULL,4.5,"1718",NULL,NULL
446,"iPhone","Runtastic Road Bike GPS Cycling Route Tracker PRO",NULL,"Health & Fitness",4.99,NULL,4.5,"3800",NULL,NULL
136,"Android","Runtastic Running App & Mile Tracker","10,000,000+","HEALTH_AND_FITNESS",NULL,"0",NULL,NULL,4.5,827653
22,"Android","Runtastic Running App & Mile Tracker","10,000,000+","HEALTH_AND_FITNESS",NULL,"0",NULL,NULL,4.5,827597
68,"Android","Runtastic Running App & Mile Tracker","10,000,000+","HEALTH_AND_FITNESS",NULL,"0",NULL,NULL,4.5,827651
484,"iPhone","Runtastic Running, Jogging and Walking Tracker",NULL,"Health & Fitness",0.00,NULL,4.5,"10298",NULL,NULL
510,"iPhone","Runtastic Six Pack Abs Workout & Core Trainer",NULL,"Health & Fitness",0.00,NULL,4.5,"4283",NULL,NULL
184,"Android","Runtastic Sleep Better: Sleep Cycle & Smart Alarm","5,000,000+","HEALTH_AND_FITNESS",NULL,"0",NULL,NULL,4.1,111462
232,"Android","Runtastic Sleep Better: Sleep Cycle & Smart Alarm","5,000,000+","HEALTH_AND_FITNESS",NULL,"0",NULL,NULL,4.1,111465
513,"iPhone","Runtastic Squats PRO ‚Äì Workouts, Trainer & Counter",NULL,"Health & Fitness",1.99,NULL,5.0,"1186",NULL,NULL
231,"Android","Samsung Health","500,000,000+","HEALTH_AND_FITNESS",NULL,"0",NULL,NULL,4.3,480208
336,"Android","Santa Fe Thrive","50+","HEALTH_AND_FITNESS",NULL,"0",NULL,NULL,5.0,2
331,"Android","SCI-Ex","1,000+","HEALTH_AND_FITNESS",NULL,"0",NULL,NULL,3.5,8
177,"Android","Self-help Anxiety Management","500,000+","HEALTH_AND_FITNESS",NULL,"0",NULL,NULL,4.0,2894
168,"Android","Self Healing","500,000+","HEALTH_AND_FITNESS",NULL,"0",NULL,NULL,4.5,14394
502,"iPhone","SenseSleep - Train Your Brain To Sleep Better",NULL,"Health & Fitness",0.00,NULL,5.0,"22",NULL,NULL
119,"1Both","Seven - 7 Minute Workout Training Challenge","1,000,000+","Health & Fitness",0.00,"0",4.5,"6808",4.5,75571
70,"1Both","Seven - 7 Minute Workout Training Challenge","1,000,000+","Health & Fitness",0.00,"0",4.5,"6808",4.5,75571
348,"iPhone","Sight Recover 3D",NULL,"Health & Fitness",0.99,NULL,1.0,"1",NULL,NULL
418,"iPhone","Simple Habit",NULL,"Health & Fitness",0.00,NULL,5.0,"2494",NULL,NULL
88,"Android","Simple Habit Meditation","500,000+","HEALTH_AND_FITNESS",NULL,"0",NULL,NULL,4.7,11689
188,"Android","Simple Habit Meditation","500,000+","HEALTH_AND_FITNESS",NULL,"0",NULL,NULL,4.7,11689
357,"iPhone","Simply Being - Guided Meditation for Relaxation and Presence",NULL,"Health & Fitness",1.99,NULL,4.5,"2417",NULL,NULL
84,"Android","Simply Yoga - Fitness Trainer for Workouts & Poses","1,000,000+","HEALTH_AND_FITNESS",NULL,"0",NULL,NULL,4.1,6826
201,"Android","Six Pack in 30 Days - Abs Workout","10,000,000+","HEALTH_AND_FITNESS",NULL,"0",NULL,NULL,4.9,272172
5,"Android","Six Pack in 30 Days - Abs Workout","10,000,000+","HEALTH_AND_FITNESS",NULL,"0",NULL,NULL,4.9,272337
32,"Android","Six Packs for Man‚ÄìBody Building with No Equipment","100,000+","HEALTH_AND_FITNESS",NULL,"0",NULL,NULL,4.6,2880
361,"iPhone","Sleep application",NULL,"Health & Fitness",0.99,NULL,4.5,"21",NULL,NULL
229,"Android","Sleep as Android Garmin Addon","10,000+","HEALTH_AND_FITNESS",NULL,"0",NULL,NULL,2.6,114
228,"Android","Sleep as Android Gear Addon","100,000+","HEALTH_AND_FITNESS",NULL,"0",NULL,NULL,2.8,961
443,"iPhone","Sleep Cycle alarm clock",NULL,"Health & Fitness",0.00,NULL,4.5,"104539",NULL,NULL
449,"iPhone","Sleep Meister - Sleep Cycle Alarm",NULL,"Health & Fitness",0.99,NULL,4.0,"34",NULL,NULL
478,"iPhone","Sleep Meister - Sleep Cycle Alarm Lite",NULL,"Health & Fitness",0.00,NULL,4.5,"445",NULL,NULL
429,"iPhone","Sleep Pillow Sounds: white noise, rain, ocean, fan",NULL,"Health & Fitness",2.99,NULL,4.5,"15116",NULL,NULL
508,"iPhone","Sleep Pulse 2 Motion - The Sleep Tracker for Watch",NULL,"Health & Fitness",3.99,NULL,2.0,"448",NULL,NULL
19,"Android","Sleep Sounds","1,000,000+","HEALTH_AND_FITNESS",NULL,"0",NULL,NULL,4.8,51227
493,"iPhone","Smart Alarm Clock : sleep cycle & snoring recorder",NULL,"Health & Fitness",0.00,NULL,4.0,"3779",NULL,NULL
380,"iPhone","SmartFit - Wristband",NULL,"Health & Fitness",0.00,NULL,2.5,"105",NULL,NULL
440,"iPhone","Snail Sleep-Dream Talk Recording",NULL,"Health & Fitness",0.00,NULL,4.0,"19",NULL,NULL
512,"iPhone","Sonia Tlev",NULL,"Health & Fitness",0.00,NULL,0.0,"0",NULL,NULL
11,"Android","Sportractive GPS Running Cycling Distance Tracker","1,000,000+","HEALTH_AND_FITNESS",NULL,"0",NULL,NULL,4.8,48276
67,"Android","Sports Tracker Running Cycling","5,000,000+","HEALTH_AND_FITNESS",NULL,"0",NULL,NULL,4.5,190247
103,"Android","Spot On Period, Birth Control, & Cycle Tracker","500,000+","HEALTH_AND_FITNESS",NULL,"0",NULL,NULL,4.6,4102
2,"Android","Step Counter - Calorie Counter","500,000+","HEALTH_AND_FITNESS",NULL,"0",NULL,NULL,4.0,1577
9,"Android","Step Counter - Pedometer Free & Calorie Counter","10,000,000+","HEALTH_AND_FITNESS",NULL,"0",NULL,NULL,4.7,117925
304,"Android","Stop Smoking - EasyQuit free","500,000+","HEALTH_AND_FITNESS",NULL,"0",NULL,NULL,4.8,39068
187,"Android","Stop, Breathe & Think: Meditation & Mindfulness","1,000,000+","HEALTH_AND_FITNESS",NULL,"0",NULL,NULL,4.3,8576
49,"Android","Strava Training: Track Running, Cycling & Swimming","10,000,000+","HEALTH_AND_FITNESS",NULL,"0",NULL,NULL,4.5,328469
394,"iPhone","Streaks Workout",NULL,"Health & Fitness",2.99,NULL,3.0,"56",NULL,NULL
52,"Android","StrongLifts 5x5 Workout Gym Log & Personal Trainer","1,000,000+","HEALTH_AND_FITNESS",NULL,"0",NULL,NULL,4.9,66791
445,"iPhone","Sunny ~ Calm wave & ocean sounds to Sleep Relax Meditate on the beach with rain and sea birds",NULL,"Health & Fitness",1.99,NULL,5.0,"1079",NULL,NULL
501,"iPhone","Superdrug",NULL,"Health & Fitness",0.00,NULL,0.0,"0",NULL,NULL
503,"iPhone","Sweat: Kayla Itsines' Bikini Body Fitness Workouts",NULL,"Health & Fitness",0.00,NULL,3.5,"3788",NULL,NULL
364,"iPhone","Sworkit - Custom Workouts for Exercise & Fitness",NULL,"Health & Fitness",0.00,NULL,5.0,"16819",NULL,NULL
65,"Android","Sworkit: Workouts & Fitness Plans","5,000,000+","HEALTH_AND_FITNESS",NULL,"0",NULL,NULL,4.6,109756
396,"iPhone","Sync Solver for Fitbit",NULL,"Health & Fitness",2.99,NULL,4.0,"859",NULL,NULL
121,"Android","Technutri - calorie counter, diet and carb tracker","5,000,000+","HEALTH_AND_FITNESS",NULL,"0",NULL,NULL,4.4,70416
96,"Android","The Bump Pregnancy Tracker","1,000,000+","HEALTH_AND_FITNESS",NULL,"0",NULL,NULL,4.6,20301
290,"Android","The CJ Rubric","100+","HEALTH_AND_FITNESS",NULL,"0",NULL,NULL,5.0,5
297,"Android","The ClubHouse CR","100+","HEALTH_AND_FITNESS",NULL,"0",NULL,NULL,NULL,5
251,"Android","The Daily BJ","500+","HEALTH_AND_FITNESS",NULL,"0",NULL,NULL,4.8,38
322,"1Both","The EO Bar","10,000+","Health & Fitness",6.99,"$6.99 ",5.0,"247",4.7,416
393,"iPhone","The Fast Metabolism Diet‚Äì customized meal planning",NULL,"Health & Fitness",2.99,NULL,3.5,"261",NULL,NULL
36,"Android","The TK-App - everything under control","100,000+","HEALTH_AND_FITNESS",NULL,"0",NULL,NULL,4.5,8642
457,"iPhone","The Wonder Weeks",NULL,"Health & Fitness",1.99,NULL,2.5,"397",NULL,NULL
277,"Android","Thrive CF","100+","HEALTH_AND_FITNESS",NULL,"0",NULL,NULL,2.2,6
517,"iPhone","Thunderspace 5k ~ Focus, Sleep, Relax, Meditate in a thunderstorm with rain and nature sounds",NULL,"Health & Fitness",2.99,NULL,4.5,"1690",NULL,NULL
301,"Android","Tools & Mi Band","100,000+","HEALTH_AND_FITNESS",NULL,"$3.49 ",NULL,NULL,4.4,15753
116,"Android","Tracks","50,000+","HEALTH_AND_FITNESS",NULL,"0",NULL,NULL,4.6,623
250,"Android","Treadmill Workouts Free (P)","1,000+","HEALTH_AND_FITNESS",NULL,"0",NULL,NULL,3.3,10
233,"Android","Twilight: Blue light filter","5,000,000+","HEALTH_AND_FITNESS",NULL,"0",NULL,NULL,4.6,318134
395,"iPhone","√úbungen f√ºr einen starken R√ºcken ‚Äì GEO WISSEN GESUNDHEIT",NULL,"Health & Fitness",1.99,NULL,0.0,"0",NULL,NULL
203,"Android","Ultimate Ab & Core Workouts","1,000,000+","HEALTH_AND_FITNESS",NULL,"0",NULL,NULL,4.7,55571
461,"iPhone","Ultimate Food Value Diary - Diet & Weight Tracker",NULL,"Health & Fitness",3.99,NULL,4.5,"2618",NULL,NULL
200,"Android","Vi Trainer","5,000+","HEALTH_AND_FITNESS",NULL,"0",NULL,NULL,3.6,124
437,"iPhone","VIBO RealMassager",NULL,"Health & Fitness",0.00,NULL,3.0,"6",NULL,NULL
111,"Android","ViewRanger - Hike, Ride or Walk","1,000,000+","HEALTH_AND_FITNESS",NULL,"0",NULL,NULL,4.2,34356
350,"iPhone","Virtual Gastric Band Hypnosis - Lose Weight Fast!",NULL,"Health & Fitness",6.99,NULL,4.5,"53",NULL,NULL
320,"Android","Vital Tones EI Pro","50+","HEALTH_AND_FITNESS",NULL,"$9.99 ",NULL,NULL,NULL,2
413,"iPhone","Walk for a Dog",NULL,"Health & Fitness",0.00,NULL,3.0,"412",NULL,NULL
18,"Android","Walk with Map My Walk","5,000,000+","HEALTH_AND_FITNESS",NULL,"0",NULL,NULL,4.5,144040
125,"Android","Walk with Map My Walk","5,000,000+","HEALTH_AND_FITNESS",NULL,"0",NULL,NULL,4.5,144050
16,"Android","Walking for Weight Loss - Walk Tracker","100,000+","HEALTH_AND_FITNESS",NULL,"0",NULL,NULL,4.5,644
439,"iPhone","Walking for Weight Loss: training plans, GPS, tips",NULL,"Health & Fitness",0.00,NULL,3.5,"397",NULL,NULL
38,"Android","Walking: Pedometer diet","1,000,000+","HEALTH_AND_FITNESS",NULL,"0",NULL,NULL,3.7,1861
114,"Android","Water Drink Reminder","10,000,000+","HEALTH_AND_FITNESS",NULL,"0",NULL,NULL,4.6,524299
515,"iPhone","Waterlogged - Daily Hydration Tracker",NULL,"Health & Fitness",0.00,NULL,4.5,"5000",NULL,NULL
347,"iPhone","WaterMinder¬Æ",NULL,"Health & Fitness",2.99,NULL,4.5,"1875",NULL,NULL
226,"Android","We're Working Out - Al Kavadlo","50,000+","HEALTH_AND_FITNESS",NULL,"0",NULL,NULL,4.3,979
358,"iPhone","WebMD for iPad",NULL,"Health & Fitness",0.00,NULL,3.5,"9142",NULL,NULL
117,"Android","Weight Loss Running by Verv","1,000,000+","HEALTH_AND_FITNESS",NULL,"0",NULL,NULL,4.5,27396
63,"Android","Weight Loss Running by Verv","1,000,000+","HEALTH_AND_FITNESS",NULL,"0",NULL,NULL,4.5,27396
44,"Android","Weight Loss Running by Verv","1,000,000+","HEALTH_AND_FITNESS",NULL,"0",NULL,NULL,4.5,27393
143,"Android","Weight Loss Tracker - RecStyle","1,000,000+","HEALTH_AND_FITNESS",NULL,"0",NULL,NULL,4.4,20547
155,"Android","Weight Loss Tracker - RecStyle","1,000,000+","HEALTH_AND_FITNESS",NULL,"0",NULL,NULL,4.4,20547
460,"iPhone","Weight Watchers",NULL,"Health & Fitness",0.00,NULL,3.5,"136833",NULL,NULL
33,"Android","Weight Watchers Mobile","5,000,000+","HEALTH_AND_FITNESS",NULL,"0",NULL,NULL,4.2,270267
124,"Android","Weight Watchers Mobile","5,000,000+","HEALTH_AND_FITNESS",NULL,"0",NULL,NULL,4.2,270294
161,"Android","Weight Watchers Mobile","5,000,000+","HEALTH_AND_FITNESS",NULL,"0",NULL,NULL,4.2,270294
366,"iPhone","Wellbeyond Meditation for Kids",NULL,"Health & Fitness",0.00,NULL,4.0,"36",NULL,NULL
447,"iPhone","White Noise",NULL,"Health & Fitness",0.99,NULL,4.0,"33426",NULL,NULL
185,"Android","White Noise Lite","1,000,000+","HEALTH_AND_FITNESS",NULL,"0",NULL,NULL,4.4,57634
174,"Android","White Sound Pro","500,000+","HEALTH_AND_FITNESS",NULL,"0",NULL,NULL,4.7,16570
496,"iPhone","Wildfulness - Unwind in nature and calm your mind",NULL,"Health & Fitness",2.99,NULL,4.0,"70",NULL,NULL
482,"iPhone","Windy ~ Sleep Relax Meditate & white noise sounds",NULL,"Health & Fitness",1.99,NULL,4.5,"5285",NULL,NULL
108,"Android","WomanLog Calendar","5,000,000+","HEALTH_AND_FITNESS",NULL,"0",NULL,NULL,4.5,121838
419,"iPhone","Women's Health 100 Tage Training ohne Ger√§te",NULL,"Health & Fitness",0.99,NULL,0.0,"0",NULL,NULL
243,"Android","Womens Health Tips(Breast,Face,Body,weight lose)","1,000,000+","HEALTH_AND_FITNESS",NULL,"0",NULL,NULL,4.2,2509
349,"iPhone","WorkMeOut - Jaber Al-Rasheed",NULL,"Health & Fitness",2.99,NULL,4.5,"118",NULL,NULL
55,"Android","Workout Tracker & Gym Trainer - Fitness Log Book","500,000+","HEALTH_AND_FITNESS",NULL,"0",NULL,NULL,4.6,5420
50,"Android","Workout Trainer: fitness coach","10,000,000+","HEALTH_AND_FITNESS",NULL,"0",NULL,NULL,4.2,100406
126,"Android","Workout Trainer: fitness coach","10,000,000+","HEALTH_AND_FITNESS",NULL,"0",NULL,NULL,4.2,100406
332,"Android","X your Ex - Break Up Treatment","5,000+","HEALTH_AND_FITNESS",NULL,"0",NULL,NULL,4.0,32
346,"iPhone","YAZIO ‚Äì Calorie Counter & Nutrition Tracker",NULL,"Health & Fitness",0.00,NULL,4.5,"115",NULL,NULL
120,"Android","YAZIO Calorie Counter, Nutrition Diary & Diet Plan","5,000,000+","HEALTH_AND_FITNESS",NULL,"0",NULL,NULL,4.6,117176
76,"Android","Yoga - Track Yoga","500,000+","HEALTH_AND_FITNESS",NULL,"0",NULL,NULL,4.5,7976
351,"iPhone","Yoga Break",NULL,"Health & Fitness",2.99,NULL,4.5,"45",NULL,NULL
463,"iPhone","Yoga Studio",NULL,"Health & Fitness",4.99,NULL,5.0,"28439",NULL,NULL
90,"Android","Yoga Studio: Mind & Body","100,000+","HEALTH_AND_FITNESS",NULL,"0",NULL,NULL,4.3,5499
448,"iPhone","Yoga.com: 300 Poses & Video Classes",NULL,"Health & Fitness",3.99,NULL,4.5,"1189",NULL,NULL
487,"iPhone","Yogemoji - The Yoga Emoji Keyboard",NULL,"Health & Fitness",0.99,NULL,3.0,"19",NULL,NULL
424,"iPhone","Zen",NULL,"Health & Fitness",0.00,NULL,4.5,"298",NULL,NULL
115,"Android","Zombies, Run! 5k Training (Free)","50,000+","HEALTH_AND_FITNESS",NULL,"0",NULL,NULL,4.0,267
373,"iPhone","„Ç´„É≠„É™„ÉºÁÆ°ÁêÜÔºàÁó©„Åõ„Çã„Ç¢„Éó„É™Ôºâ",NULL,"Health & Fitness",3.99,NULL,4.5,"10",NULL,NULL
462,"iPhone","„ÉÄ„Ç§„Ç®„ÉÉ„Éà„ÅåÁ∂ö„ÅèÔºÅ‰∫∫Ê∞ó„ÅÆ„Ç´„É≠„É™„Éº„Éª‰ΩìÈáçÁÆ°ÁêÜ„Ç¢„Éó„É™ „Äå„ÇÇ„Åê„Åü„Çì„Äç",NULL,"Health & Fitness",0.00,NULL,4.5,"28",NULL,NULL
400,"iPhone","„ÉÄ„Ç§„Ç®„ÉÉ„ÉàÂ•≥Â≠ê„ÅåÁó©„Åõ„ÅüÈ≠îÊ≥ï„ÅÆ„Ç¢„Éó„É™-È£ü‰∫ã„ÉªÈÅãÂãï„ÉªÁæéÂÆπÔº†DIET",NULL,"Health & Fitness",0.00,NULL,0.0,"0",NULL,NULL
504,"iPhone","„É°„É≥„Çø„É´„É™„Éº„Éó„ÅÆ„Ç¢„Éó„É™Ôºö„ÉØ„É≥„ÉÄ„Éº„Ç¶„Ç£„Éº„ÇØÔºàÊóßÔºö„ÉØ„É≥„ÉÄ„Éº„Ç¶„Ç£„Éº„ÇØ„ÇπÔºâ",NULL,"Health & Fitness",1.99,NULL,0.0,"0",NULL,NULL
479,"iPhone","‰πê‰∫´Âä®-ÊúâËøêÂä®Èü≥‰πêÊé®ËçêÁöÑËÆ°Ê≠•Âô®",NULL,"Health & Fitness",0.00,NULL,0.0,"0",NULL,NULL
480,"iPhone","ÂíïÂíö-‰Ω†ÁöÑË∑ëÊ≠•È™ëË°åËøêÂä®Á§æÂå∫",NULL,"Health & Fitness",0.00,NULL,4.5,"160",NULL,NULL
505,"iPhone","Â¶ôÂÅ•Â∫∑-ÂÅ•Â∫∑Ëá™ÊµãÁÆ°ÂÆ∂",NULL,"Health & Fitness",0.00,NULL,0.0,"0",NULL,NULL
509,"iPhone","ÂÆùÂÆùÊ†ëÂ≠ïËÇ≤-ÁÅ´ÁàÜÁöÑÂ§áÂ≠ïÊÄÄÂ≠ïËÇ≤ÂÑøÁ§æÂå∫",NULL,"Health & Fitness",0.00,NULL,4.5,"456",NULL,NULL
410,"iPhone","ÁæéÊüö - Â•≥ÁîüÂä©Êâã",NULL,"Health & Fitness",0.00,NULL,5.0,"804",NULL,NULL
375,"iPhone","ÁæéÊüöÁªèÊúüÂä©Êâã(‰∏ì‰∏öÁâà)-ÊúàÁªè¬∑ÁîüÁêÜÊúüÈ¢ÑÊµãÔºåËøòËÉΩÂ§áÂ≠ïËÇ≤ÂÑø",NULL,"Health & Fitness",0.99,NULL,0.0,"0",NULL,NULL
483,"iPhone","Èó™Áò¶-ÂÅ•Â∫∑ÂáèËÇ•Áò¶Ë∫´",NULL,"Health & Fitness",0.00,NULL,0.0,"0",NULL,NULL
